ID,Name,Age,Email
1,John Smith,25,john.smith@example.com
2,Jane Doe,30,jane.doe@example.com
3,Michael Johnson,35,michael.johnson@example.com
4,Sarah Williams,28,sarah.williams@example.com
5,David Brown,32,david.brown@example.com
6,Emily Davis,27,emily.davis@example.com
7,Robert Anderson,31,robert.anderson@example.com
8,Olivia Martin,29,olivia.martin@example.com
9,William Thompson,33,william.thompson@example.com
10,Sophia Garcia,26,sophia.garcia@example.com
11,James Martinez,34,james.martinez@example.com
12,Isabella Robinson,31,isabella.robinson@example.com
13,Alexander Clark,28,alexander.clark@example.com
14,Emma Rodriguez,29,emma.rodriguez@example.com
15,Benjamin Lewis,27,benjamin.lewis@example.com
16,Ava Lee,30,ava.lee@example.com
17,Henry Hall,32,henry.hall@example.com
18,Mia Wright,25,mia.wright@example.com
19,Joseph Young,26,joseph.young@example.com
20,Abigail King,33,abigail.king@example.com
