ID,Salary,Department
2,6000,Finance
3,7000,IT
4,5500,Operations
5,8000,Sales
6,4500,Human Resources
7,6500,Research and Development
9,7500,Operations
10,5000,IT
11,7000,Marketing
12,6000,Research and Development
13,5500,Sales
15,6500,Finance
16,8000,Operations
17,7000,IT
18,5000,Marketing
